id,first_name,last_name,email,gender,ip_address
1,Maribel,Genders,mgenders0@dailymotion.com,Female,4.63.37.242
2,Jessamine,Judd,jjudd1@ihg.com,Female,102.9.107.155
3,Tuck,Weatherhogg,tweatherhogg2@wsj.com,Male,147.142.170.206
4,Meir,Caven,mcaven3@sfgate.com,Male,239.165.212.81
5,Kathlin,Loche,kloche4@wsj.com,Female,44.250.131.131
6,Gwendolyn,Grimbaldeston,ggrimbaldeston5@furl.net,Genderfluid,117.98.82.175
7,Lothaire,Jacmard,ljacmard6@intel.com,Male,88.127.212.45
8,Eulalie,Hayller,ehayller7@instagram.com,Female,5.243.116.170
9,Jarrad,Marikhin,jmarikhin8@berkeley.edu,Male,73.175.178.243
10,Laurent,Lownds,llownds9@ucsd.edu,Male,158.41.60.118
11,Zsa zsa,Stapells,zstapellsa@zimbio.com,Female,214.112.161.40
12,Janos,Hargraves,jhargravesb@newsvine.com,Male,211.143.242.236
13,Chaddie,Batchelour,cbatchelourc@techcrunch.com,Male,28.191.171.106
14,Donalt,McLeman,dmclemand@netlog.com,Male,210.12.173.15
15,Chet,Brockington,cbrockingtone@webs.com,Male,123.79.198.224
16,Jori,Bandy,jbandyf@dion.ne.jp,Female,85.70.100.246
17,Cherish,Hattam,chattamg@google.fr,Female,86.250.14.138
18,Adriena,Deeble,adeebleh@army.mil,Female,210.253.189.138
19,Caddric,Coushe,ccoushei@time.com,Male,169.2.44.189
20,Perkin,Beadham,pbeadhamj@statcounter.com,Male,246.124.132.126
21,Marcelline,Pietrzyk,mpietrzykk@rakuten.co.jp,Female,178.76.30.225
22,Prinz,Smallthwaite,psmallthwaitel@google.com.au,Male,177.234.29.184
23,Natty,Curlis,ncurlism@arstechnica.com,Male,12.3.245.250
24,Tommie,Fryer,tfryern@psu.edu,Female,8.77.82.90
25,Tonye,Sinkins,tsinkinso@deviantart.com,Polygender,227.94.24.186
26,Fields,Bere,fberep@cbc.ca,Male,121.210.19.62
27,Theodor,Sommersett,tsommersettq@wired.com,Male,209.142.235.174
28,Frans,Brownhill,fbrownhillr@ucoz.ru,Male,68.97.50.198
29,Thorstein,Hayers,thayerss@flavors.me,Male,169.15.230.24
30,Tedie,Findon,tfindont@slideshare.net,Male,174.226.39.166
31,Eadie,Fountian,efountianu@fc2.com,Female,159.65.243.59
32,Tailor,Le Surf,tlesurfv@barnesandnoble.com,Male,133.226.5.237
33,Melita,Ravenhill,mravenhillw@fastcompany.com,Female,94.224.94.233
34,Nichol,Nower,nnowerx@qq.com,Female,19.233.166.209
35,Grethel,Kiehnlt,gkiehnlty@umich.edu,Genderqueer,206.241.20.118
36,Norry,Shear,nshearz@netlog.com,Non-binary,226.195.216.96
37,Gaultiero,Camplen,gcamplen10@cbsnews.com,Male,190.102.21.115
38,Marjorie,McGavigan,mmcgavigan11@miibeian.gov.cn,Female,48.39.224.98
39,Haleigh,Pendergast,hpendergast12@techcrunch.com,Female,16.65.61.32
40,Daniela,Smedmore,dsmedmore13@com.com,Female,178.241.46.205
41,Guenevere,Franchyonok,gfranchyonok14@sakura.ne.jp,Genderfluid,231.201.51.70
42,Tonnie,Denley,tdenley15@ustream.tv,Male,89.246.198.11
43,Ade,Jann,ajann16@miibeian.gov.cn,Male,98.53.60.44
44,Wallache,Melly,wmelly17@mac.com,Agender,180.184.110.242
45,Lena,Allerton,lallerton18@soundcloud.com,Female,184.222.77.14
46,Celinda,Rewbottom,crewbottom19@mashable.com,Female,11.139.26.181
47,Gennifer,Brunet,gbrunet1a@sphinn.com,Female,45.66.195.119
48,Kittie,Stansfield,kstansfield1b@youtu.be,Female,221.103.246.248
49,Federico,Plues,fplues1c@nba.com,Male,235.39.131.35
50,Robert,Perri,rperri1d@goodreads.com,Male,118.14.130.98
51,Prinz,Darke,pdarke1e@odnoklassniki.ru,Bigender,58.107.229.7
52,Tallia,Tissington,ttissington1f@spiegel.de,Bigender,60.209.40.186
53,Devina,Venneur,dvenneur1g@mac.com,Female,65.100.214.190
54,Drake,Lanfranconi,dlanfranconi1h@lycos.com,Male,89.40.189.28
55,Jacqui,Mapes,jmapes1i@livejournal.com,Female,235.65.40.94
56,Royall,Gouldstone,rgouldstone1j@sourceforge.net,Male,167.194.104.103
57,Dorris,Calbrathe,dcalbrathe1k@wp.com,Female,101.32.198.172
58,Miguela,Clarke,mclarke1l@nytimes.com,Female,163.121.174.83
59,Cinda,Harradine,charradine1m@jugem.jp,Polygender,253.153.76.145
60,Umberto,Jedrys,ujedrys1n@slate.com,Male,117.26.143.48
61,Leo,Chafney,lchafney1o@ifeng.com,Male,23.114.125.15
62,Verne,Treacher,vtreacher1p@bbb.org,Male,181.165.68.27
63,Hube,Cowlam,hcowlam1q@yahoo.co.jp,Male,31.66.46.250
64,Seth,MacAlpine,smacalpine1r@bbb.org,Male,150.231.3.191
65,Brnaby,Shevelin,bshevelin1s@multiply.com,Male,36.181.91.114
66,Anselma,Geillier,ageillier1t@nba.com,Female,12.136.136.66
67,Gladys,Downage,gdownage1u@tripadvisor.com,Female,129.144.212.119
68,Torrance,Tyce,ttyce1v@squarespace.com,Male,36.31.70.212
69,Vivie,Scammell,vscammell1w@t.co,Female,205.130.48.125
70,Antony,Titcomb,atitcomb1x@who.int,Male,233.20.228.125
71,Evita,Guitt,eguitt1y@timesonline.co.uk,Female,60.103.41.144
72,Katine,Martusov,kmartusov1z@narod.ru,Female,53.226.113.233
73,Gerard,Robiot,grobiot20@acquirethisname.com,Male,176.36.202.137
74,Baxy,Starsmore,bstarsmore21@nytimes.com,Male,39.1.60.198
75,Zach,Cearley,zcearley22@miitbeian.gov.cn,Male,52.125.163.69
76,Nev,Guard,nguard23@dot.gov,Non-binary,10.45.183.123
77,Florie,Bartholat,fbartholat24@phpbb.com,Female,53.19.221.106
78,Joella,Gaywood,jgaywood25@linkedin.com,Female,229.138.66.242
79,Jay,Steuhlmeyer,jsteuhlmeyer26@si.edu,Male,244.147.29.108
80,Marc,Dyet,mdyet27@who.int,Male,94.94.174.186
81,Christie,Mansfield,cmansfield28@weibo.com,Female,230.7.194.82
82,Tina,Sherrott,tsherrott29@last.fm,Female,184.146.6.235
83,Sandro,MacDuffie,smacduffie2a@disqus.com,Male,54.93.23.54
84,Dunn,Rowson,drowson2b@addtoany.com,Male,96.122.48.65
85,Ingelbert,Gribbin,igribbin2c@usgs.gov,Male,198.105.144.76
86,Cortie,Lorait,clorait2d@chicagotribune.com,Male,178.196.36.242
87,Beverly,Margery,bmargery2e@skyrock.com,Female,168.78.51.35
88,Darci,Kobera,dkobera2f@smugmug.com,Non-binary,74.222.101.11
89,Daisey,Hanniger,dhanniger2g@archive.org,Female,153.165.179.87
90,Britt,Lynch,blynch2h@1und1.de,Female,18.89.232.93
91,Ezri,Wheelhouse,ewheelhouse2i@abc.net.au,Male,241.210.134.198
92,Buddie,MacCracken,bmaccracken2j@nifty.com,Bigender,185.134.220.205
93,Gwenni,Cammomile,gcammomile2k@cargocollective.com,Female,34.215.152.14
94,Morgen,Frean,mfrean2l@bizjournals.com,Male,247.239.138.244
95,Gwennie,Beckenham,gbeckenham2m@naver.com,Agender,19.231.139.147
96,Dillon,Brockherst,dbrockherst2n@cdbaby.com,Male,92.189.228.146
97,Rochette,Domleo,rdomleo2o@wikia.com,Female,183.2.15.244
98,Osborn,Sarvar,osarvar2p@fda.gov,Male,197.193.2.48
99,Ulrick,Marini,umarini2q@virginia.edu,Male,163.174.210.203
100,Lenora,Basten,lbasten2r@cpanel.net,Female,155.45.235.243
101,Jerrie,Lynagh,jlynagh2s@netvibes.com,Male,172.158.236.75
102,Lucais,Bridie,lbridie2t@scientificamerican.com,Male,6.126.106.50
103,Gardener,Roseman,groseman2u@purevolume.com,Male,223.189.170.52
104,Dex,Hillborne,dhillborne2v@wufoo.com,Male,244.206.237.207
105,Kamilah,Harg,kharg2w@bing.com,Genderfluid,91.162.249.123
106,Phedra,Chaimson,pchaimson2x@un.org,Female,52.62.254.169
107,Lucia,Whyffen,lwhyffen2y@biglobe.ne.jp,Female,244.182.172.247
108,Glyn,Beardsley,gbeardsley2z@chicagotribune.com,Female,113.206.193.196
109,Hartwell,Hakking,hhakking30@mashable.com,Male,0.168.38.24
110,Artemus,Lesaunier,alesaunier31@discovery.com,Male,105.115.5.70
111,Garnet,Durrell,gdurrell32@jugem.jp,Female,17.44.194.239
112,Shela,Davidzon,sdavidzon33@nba.com,Female,76.7.40.2
113,Claudia,Bibby,cbibby34@vinaora.com,Female,154.39.79.139
114,Liuka,Duiguid,lduiguid35@feedburner.com,Female,53.110.6.149
115,Pammi,Fildery,pfildery36@google.ca,Non-binary,167.138.31.12
116,Theresita,Redmille,tredmille37@msn.com,Female,145.59.213.164
117,Antonietta,Jeremiah,ajeremiah38@cnn.com,Female,188.26.177.42
118,Adan,Taffrey,ataffrey39@squarespace.com,Genderfluid,206.58.208.127
119,Nikolos,Tizard,ntizard3a@sun.com,Male,186.156.65.157
120,Arielle,Pagon,apagon3b@google.pl,Female,65.60.14.66
121,Germana,McDugal,gmcdugal3c@guardian.co.uk,Female,61.107.225.229
122,Salvatore,Clemo,sclemo3d@ucoz.ru,Male,126.152.228.184
123,Alfonso,Tavinor,atavinor3e@wufoo.com,Genderqueer,162.35.64.38
124,Willy,Pettegree,wpettegree3f@pen.io,Female,28.76.236.1
125,Carrissa,Henfre,chenfre3g@tiny.cc,Bigender,39.143.198.166
126,Torey,Nequest,tnequest3h@state.gov,Male,240.116.252.33
127,Pietro,Discombe,pdiscombe3i@abc.net.au,Male,81.73.74.146
128,Deane,Boodle,dboodle3j@is.gd,Female,215.217.72.110
129,Nata,Matushevich,nmatushevich3k@infoseek.co.jp,Female,171.173.98.125
130,Arnoldo,de Mullett,ademullett3l@a8.net,Male,10.11.162.157
131,Dana,Astupenas,dastupenas3m@dmoz.org,Male,155.126.198.99
132,Aida,Wootton,awootton3n@icq.com,Female,21.215.133.11
133,Kacey,Mussett,kmussett3o@cpanel.net,Female,12.54.224.40
134,Em,Nestle,enestle3p@auda.org.au,Male,192.246.51.215
135,Luelle,Chevers,lchevers3q@biglobe.ne.jp,Female,187.103.245.203
136,Luca,Breffit,lbreffit3r@wunderground.com,Male,41.240.236.142
137,Robbyn,Dearman,rdearman3s@vk.com,Female,31.246.21.96
138,Colan,Doveston,cdoveston3t@toplist.cz,Male,157.109.13.82
139,Rouvin,Ruzic,rruzic3u@blogspot.com,Male,51.52.110.67
140,Land,Disdel,ldisdel3v@state.tx.us,Male,203.164.86.235
141,Abbi,Norcop,anorcop3w@jigsy.com,Female,60.246.241.239
142,Lindsey,Withers,lwithers3x@webs.com,Female,82.208.87.75
143,Harp,Prichet,hprichet3y@reuters.com,Male,4.27.179.133
144,Kerrin,Gaitung,kgaitung3z@rediff.com,Genderfluid,62.213.60.1
145,Fremont,Croll,fcroll40@tamu.edu,Male,202.20.195.254
146,Tedman,Derl,tderl41@howstuffworks.com,Male,160.144.107.254
147,Yasmin,Gloyens,ygloyens42@whitehouse.gov,Female,233.233.189.82
148,Lawrence,Shuker,lshuker43@jalbum.net,Male,97.58.205.209
149,Kizzee,Evert,kevert44@sogou.com,Female,6.26.116.153
150,Timothy,Douglass,tdouglass45@walmart.com,Male,135.243.138.1
151,Amitie,Bramhall,abramhall46@mapquest.com,Female,92.7.225.170
152,Emmott,Passion,epassion47@theglobeandmail.com,Male,36.56.153.179
153,Katlin,Danilin,kdanilin48@psu.edu,Female,249.139.136.91
154,Yves,Oslar,yoslar49@google.co.jp,Male,93.98.88.191
155,Maurits,Titley,mtitley4a@shop-pro.jp,Male,230.162.192.174
156,Shadow,Arthey,sarthey4b@epa.gov,Male,144.246.189.7
157,Mela,Hugonet,mhugonet4c@constantcontact.com,Female,79.40.29.51
158,Inge,Kinloch,ikinloch4d@biglobe.ne.jp,Female,50.74.141.119
159,Olly,Romaynes,oromaynes4e@shutterfly.com,Male,72.127.134.199
160,Saw,Straine,sstraine4f@github.io,Male,232.48.159.216
161,Donnell,Tordoff,dtordoff4g@irs.gov,Male,99.226.210.109
162,Rudy,Manz,rmanz4h@amazon.de,Male,219.127.172.53
163,Boote,Vinsen,bvinsen4i@irs.gov,Male,102.226.45.255
164,Hesther,Zellner,hzellner4j@tinypic.com,Female,100.210.19.127
165,Bea,Beslier,bbeslier4k@engadget.com,Female,128.214.236.226
166,Elna,Dragonette,edragonette4l@chicagotribune.com,Female,137.140.17.223
167,Pam,Esposito,pesposito4m@cocolog-nifty.com,Female,53.237.225.87
168,Cynthea,Dadley,cdadley4n@phpbb.com,Female,211.40.47.249
169,Dudley,Blune,dblune4o@opera.com,Male,64.114.147.33
170,Moyra,Patten,mpatten4p@infoseek.co.jp,Female,205.40.3.90
171,Bunnie,Hembling,bhembling4q@unc.edu,Female,29.183.141.67
172,Guillermo,Chastel,gchastel4r@php.net,Male,110.165.91.143
173,Nollie,Minchindon,nminchindon4s@facebook.com,Female,42.247.165.60
174,Mandi,Shaefer,mshaefer4t@example.com,Female,184.14.205.139
175,Wilt,Gumby,wgumby4u@cmu.edu,Male,251.204.149.45
176,Durand,Damant,ddamant4v@examiner.com,Male,145.209.28.188
177,Maxie,Dolley,mdolley4w@topsy.com,Female,158.82.138.19
178,Gavin,Heiton,gheiton4x@shutterfly.com,Male,14.77.197.86
179,Kara-lynn,Reignould,kreignould4y@bizjournals.com,Female,32.188.161.36
180,Lucio,Camell,lcamell4z@apple.com,Male,92.234.136.165
181,Skye,Scawen,sscawen50@bloomberg.com,Male,240.11.214.40
182,Baxter,Micka,bmicka51@utexas.edu,Male,221.89.112.14
183,Aymer,Verrills,averrills52@tiny.cc,Male,84.141.204.109
184,Viva,McCay,vmccay53@theguardian.com,Female,189.245.199.57
185,Bo,Lowfill,blowfill54@yolasite.com,Polygender,179.196.143.154
186,Lanie,Marcq,lmarcq55@theguardian.com,Bigender,89.100.35.207
187,Perri,Straine,pstraine56@amazon.co.uk,Female,132.23.240.229
188,Deane,Kingsland,dkingsland57@a8.net,Female,122.90.148.109
189,Morten,Proudlove,mproudlove58@uiuc.edu,Male,106.175.191.248
190,Bryan,Sibyllina,bsibyllina59@ihg.com,Male,48.8.252.88
191,Yancy,Fischer,yfischer5a@state.gov,Male,150.103.163.65
192,Lon,Blandamere,lblandamere5b@bravesites.com,Male,207.244.202.153
193,Joanie,Mooring,jmooring5c@networkadvertising.org,Female,170.0.247.89
194,Bogey,Matyatin,bmatyatin5d@xrea.com,Non-binary,253.26.205.153
195,Sonja,Vaen,svaen5e@ameblo.jp,Female,176.32.96.221
196,Mark,Hiers,mhiers5f@cmu.edu,Bigender,193.78.198.192
197,Jorge,Marrable,jmarrable5g@ocn.ne.jp,Male,222.47.9.20
198,Stefan,Charlick,scharlick5h@spiegel.de,Male,127.143.15.162
199,Tan,Cleynaert,tcleynaert5i@ebay.com,Agender,48.45.126.99
200,Aurelea,Linfield,alinfield5j@columbia.edu,Female,169.150.217.107
201,Ric,Kissock,rkissock5k@uol.com.br,Male,86.211.226.6
202,Teodoro,Dunphy,tdunphy5l@mail.ru,Male,211.88.98.196
203,Hurley,Persian,hpersian5m@cam.ac.uk,Non-binary,225.10.9.30
204,Don,Drennan,ddrennan5n@accuweather.com,Male,4.32.47.224
205,Marla,Boise,mboise5o@gov.uk,Female,79.196.180.66
206,Danya,Lorkings,dlorkings5p@cmu.edu,Female,35.5.88.87
207,Roxanna,Willoughey,rwilloughey5q@topsy.com,Female,37.6.246.193
208,Thibaut,Simkin,tsimkin5r@wunderground.com,Male,97.16.187.196
209,Kennith,Wiburn,kwiburn5s@nature.com,Male,152.2.14.16
210,Witty,Pepler,wpepler5t@wikipedia.org,Male,174.97.191.213
211,Raimundo,Heinsius,rheinsius5u@webmd.com,Male,223.195.51.226
212,Verine,Stronack,vstronack5v@purevolume.com,Female,197.107.163.184
213,Blake,Shayler,bshayler5w@ebay.com,Male,132.52.209.253
214,Hyacintha,Buret,hburet5x@163.com,Female,248.62.179.165
215,Doralin,Nassey,dnassey5y@telegraph.co.uk,Polygender,97.205.47.54
216,Gertrudis,Kemmis,gkemmis5z@miitbeian.gov.cn,Female,99.35.56.155
217,Brianna,Farey,bfarey60@examiner.com,Female,216.22.202.144
218,Priscilla,Doyley,pdoyley61@mapy.cz,Genderqueer,113.240.217.40
219,Dita,Sager,dsager62@umn.edu,Female,221.51.181.109
220,Aldric,Halfhyde,ahalfhyde63@npr.org,Male,249.168.61.77
221,Greggory,Cottie,gcottie64@slate.com,Male,236.247.238.115
222,Theresa,Rubenov,trubenov65@istockphoto.com,Female,48.79.125.153
223,Ermina,Gaythor,egaythor66@ucoz.ru,Genderfluid,194.71.135.73
224,Moses,Thrower,mthrower67@sphinn.com,Male,241.255.245.96
225,Mariquilla,Twitty,mtwitty68@mapquest.com,Female,40.59.94.180
226,Janis,Maven,jmaven69@squarespace.com,Female,46.75.248.61
227,Mac,Harmes,mharmes6a@biglobe.ne.jp,Male,116.127.69.137
228,Randie,Date,rdate6b@senate.gov,Female,7.136.124.158
229,Morten,Driffe,mdriffe6c@4shared.com,Male,113.15.244.254
230,George,Domenichini,gdomenichini6d@sciencedaily.com,Male,46.40.154.63
231,Guillaume,Simonard,gsimonard6e@mayoclinic.com,Male,14.72.136.52
232,Chrystal,Sabati,csabati6f@si.edu,Non-binary,124.232.126.61
233,Laurena,Vernon,lvernon6g@sun.com,Female,250.252.44.80
234,Rodrique,Ryles,rryles6h@xing.com,Male,99.85.167.246
235,Sunny,Ragles,sragles6i@berkeley.edu,Male,173.22.142.252
236,Zulema,Armell,zarmell6j@storify.com,Female,52.209.125.124
237,Rowland,Dormer,rdormer6k@dot.gov,Agender,145.175.197.24
238,Allyn,Flicker,aflicker6l@youtu.be,Male,195.210.125.228
239,Joellyn,Valentine,jvalentine6m@indiatimes.com,Female,95.255.192.199
240,Boy,Kilfoyle,bkilfoyle6n@youtube.com,Male,29.73.245.88
241,Leonhard,Wimbush,lwimbush6o@posterous.com,Male,99.17.214.25
242,Emeline,Ceschi,eceschi6p@ehow.com,Female,5.194.141.89
243,Vinson,Butterley,vbutterley6q@cbslocal.com,Male,159.173.244.172
244,Lek,Donnersberg,ldonnersberg6r@state.gov,Male,181.146.125.147
245,Mikaela,Drewery,mdrewery6s@google.cn,Female,222.42.204.251
246,Janella,Presnell,jpresnell6t@fastcompany.com,Female,175.233.45.160
247,Spense,Tonry,stonry6u@biglobe.ne.jp,Male,255.182.241.15
248,Eldredge,Dayley,edayley6v@nih.gov,Agender,100.182.27.60
249,Bartram,Fraulo,bfraulo6w@fastcompany.com,Male,99.126.73.106
250,Pall,Edlestone,pedlestone6x@cbc.ca,Non-binary,65.225.187.111
251,Dario,Olek,dolek6y@cpanel.net,Male,217.142.198.139
252,Odell,Gresty,ogresty6z@soup.io,Male,206.194.117.38
253,Melodee,Cotterel,mcotterel70@cbslocal.com,Female,48.167.10.164
254,Rosetta,Arnaud,rarnaud71@buzzfeed.com,Female,42.130.10.36
255,Kerk,Carmichael,kcarmichael72@sina.com.cn,Male,66.44.98.44
256,Roma,Coburn,rcoburn73@salon.com,Polygender,222.6.94.233
257,Gav,Urvoy,gurvoy74@google.ru,Male,92.96.222.193
258,Jaclin,Benger,jbenger75@prnewswire.com,Female,246.243.138.103
259,Carolus,Balser,cbalser76@prlog.org,Male,231.43.119.184
260,Bea,Bembrigg,bbembrigg77@wisc.edu,Female,142.224.230.166
261,Rosalyn,Nornasell,rnornasell78@netlog.com,Female,156.221.189.216
262,Vincent,Pirrie,vpirrie79@ocn.ne.jp,Male,147.49.6.136
263,Olivier,Pibsworth,opibsworth7a@eventbrite.com,Male,108.24.16.100
264,Byrle,Walding,bwalding7b@quantcast.com,Polygender,98.59.55.49
265,Lisabeth,Hedworth,lhedworth7c@auda.org.au,Female,157.19.219.53
266,Janene,Schachter,jschachter7d@un.org,Female,234.178.253.64
267,Reed,Bawme,rbawme7e@shutterfly.com,Agender,17.105.221.178
268,Irvine,Pechell,ipechell7f@about.me,Male,198.44.133.150
269,Avery,Snufflebottom,asnufflebottom7g@g.co,Male,97.91.69.232
270,Sargent,Tunstall,stunstall7h@google.nl,Male,206.97.92.49
271,Sheryl,Raisbeck,sraisbeck7i@loc.gov,Female,238.139.36.52
272,Marijn,Peaseman,mpeaseman7j@kickstarter.com,Male,124.105.192.132
273,Gilda,Kamenar,gkamenar7k@geocities.com,Female,98.100.43.130
274,Bernette,Emberson,bemberson7l@paypal.com,Female,51.251.15.191
275,Lisa,Entwhistle,lentwhistle7m@ca.gov,Female,0.21.160.98
276,Corbet,Kapelhoff,ckapelhoff7n@intel.com,Male,193.202.38.249
277,Britney,McCorley,bmccorley7o@china.com.cn,Female,58.154.225.238
278,Alwyn,Marrian,amarrian7p@jalbum.net,Male,206.104.170.138
279,Pauly,Kirkby,pkirkby7q@w3.org,Male,26.185.240.181
280,Lyda,Thouless,lthouless7r@cloudflare.com,Female,242.135.215.145
281,Doralia,Revill,drevill7s@elpais.com,Female,105.97.248.87
282,Rufus,Wilbor,rwilbor7t@storify.com,Male,151.241.51.70
283,Emmy,Reeve,ereeve7u@cpanel.net,Female,159.62.173.173
284,Lauryn,Daventry,ldaventry7v@ask.com,Female,75.217.96.126
285,Nataline,Rive,nrive7w@google.com.hk,Female,69.21.185.169
286,Annette,Ellsbury,aellsbury7x@java.com,Female,116.111.131.93
287,Bab,Kinrade,bkinrade7y@cbsnews.com,Female,68.252.66.109
288,Bernete,Snasel,bsnasel7z@pcworld.com,Female,188.53.150.123
289,Dru,Shimoni,dshimoni80@army.mil,Female,177.26.4.237
290,Joannes,Bowkley,jbowkley81@xing.com,Female,206.148.38.230
291,Aloisia,Welds,awelds82@cpanel.net,Female,252.114.174.19
292,Stillmann,Sogg,ssogg83@com.com,Male,44.124.111.225
293,Florencia,Hazzard,fhazzard84@pcworld.com,Female,156.190.190.63
294,Emelita,Creavin,ecreavin85@netvibes.com,Female,57.227.95.139
295,Augusta,Alishoner,aalishoner86@google.de,Female,104.24.22.60
296,Kenna,Audritt,kaudritt87@hao123.com,Female,134.113.228.79
297,Yvette,Hurdiss,yhurdiss88@upenn.edu,Female,30.61.111.17
298,Peyton,Piccop,ppiccop89@deviantart.com,Male,246.198.59.0
299,Constancy,Strike,cstrike8a@samsung.com,Female,163.47.234.232
300,Cecil,Filipov,cfilipov8b@scribd.com,Female,52.95.228.191
301,Trent,Giovanazzi,tgiovanazzi8c@1688.com,Male,163.68.145.83
302,Ivonne,Quest,iquest8d@auda.org.au,Female,122.231.121.145
303,Erie,Knellen,eknellen8e@bloglines.com,Male,134.238.94.63
304,Gwynne,Tombleson,gtombleson8f@nih.gov,Female,132.238.45.79
305,Ralf,Holleran,rholleran8g@buzzfeed.com,Male,30.110.65.196
306,Dickie,Bolf,dbolf8h@cnn.com,Male,126.175.204.16
307,Del,Whitelaw,dwhitelaw8i@google.com,Male,196.88.72.194
308,Irv,Farans,ifarans8j@cmu.edu,Male,148.148.62.66
309,Burl,Overshott,bovershott8k@senate.gov,Male,245.132.4.130
310,Sutherland,Darco,sdarco8l@ask.com,Male,159.67.69.205
311,Judah,Boutellier,jboutellier8m@phoca.cz,Male,199.59.30.160
312,Hagen,Nealon,hnealon8n@privacy.gov.au,Male,129.182.34.227
313,Courtnay,Ovett,covett8o@ask.com,Female,53.0.34.69
314,Danya,Roome,droome8p@pcworld.com,Male,207.254.82.125
315,Jeno,Bysh,jbysh8q@engadget.com,Male,110.73.57.188
316,Edouard,Civitillo,ecivitillo8r@posterous.com,Male,27.150.152.177
317,Bonni,Grayling,bgrayling8s@artisteer.com,Female,77.214.69.98
318,Nicolea,Creelman,ncreelman8t@flickr.com,Genderfluid,238.37.171.85
319,Jordana,Grellier,jgrellier8u@so-net.ne.jp,Female,144.171.246.33
320,Cyril,Wallman,cwallman8v@domainmarket.com,Male,110.178.5.249
321,Linn,Scotchmur,lscotchmur8w@dot.gov,Male,77.104.122.240
322,Galven,Guion,gguion8x@youtu.be,Male,73.58.56.39
323,Marcille,Farryn,mfarryn8y@samsung.com,Female,255.172.245.187
324,Bartlet,Kobsch,bkobsch8z@example.com,Male,126.136.230.168
325,Manon,Dillestone,mdillestone90@alexa.com,Genderqueer,141.3.127.3
326,Tully,Aldin,taldin91@people.com.cn,Agender,80.113.59.161
327,Jenine,Sabben,jsabben92@1688.com,Female,82.228.227.54
328,Jarrett,Belison,jbelison93@bigcartel.com,Male,23.199.61.227
329,Hestia,Gipp,hgipp94@tinyurl.com,Female,44.139.186.96
330,Anthea,Konzel,akonzel95@businessweek.com,Bigender,7.245.114.56
331,Mamie,Dowdeswell,mdowdeswell96@vkontakte.ru,Bigender,145.131.101.127
332,Brannon,Tebboth,btebboth97@gov.uk,Genderqueer,67.106.3.187
333,Lilla,Smidmore,lsmidmore98@behance.net,Female,121.199.197.96
334,Ruy,Gudgion,rgudgion99@businesswire.com,Male,18.116.74.60
335,Sholom,Yair,syair9a@netlog.com,Male,164.48.163.86
336,Shermie,Farrear,sfarrear9b@digg.com,Agender,189.95.175.137
337,Anneliese,Dunlap,adunlap9c@unicef.org,Female,50.141.182.137
338,Ferdy,Beyne,fbeyne9d@opera.com,Male,24.118.243.227
339,Kenyon,O'Leary,koleary9e@google.com.br,Male,214.239.225.207
340,Adriaens,Sillitoe,asillitoe9f@auda.org.au,Female,172.122.218.132
341,Yuma,Charte,ycharte9g@sakura.ne.jp,Male,8.202.97.181
342,Karie,Haskayne,khaskayne9h@bloomberg.com,Female,164.101.3.51
343,Sammie,Veivers,sveivers9i@bloomberg.com,Male,140.199.192.209
344,Sonja,McMonnies,smcmonnies9j@boston.com,Female,71.89.75.151
345,Gelya,Tratton,gtratton9k@yandex.ru,Female,152.191.83.233
346,Roddie,Marklew,rmarklew9l@weebly.com,Male,136.195.53.7
347,Camile,Bushen,cbushen9m@usgs.gov,Agender,217.133.112.154
348,Jaquelin,Mallows,jmallows9n@webnode.com,Female,88.205.202.203
349,Gill,Sworne,gsworne9o@wired.com,Female,124.202.145.227
350,Cindelyn,Crook,ccrook9p@marketwatch.com,Female,90.117.228.200
351,Trueman,Toffler,ttoffler9q@creativecommons.org,Male,129.154.124.240
352,Avril,Goring,agoring9r@umn.edu,Female,186.25.68.129
353,Davine,Bertwistle,dbertwistle9s@ovh.net,Female,135.181.172.46
354,Barris,Guilford,bguilford9t@miitbeian.gov.cn,Male,199.246.138.250
355,Abeu,Rabbet,arabbet9u@chronoengine.com,Male,188.80.240.48
356,Tara,Yakushkev,tyakushkev9v@linkedin.com,Female,127.231.28.188
357,Shelby,Edlyne,sedlyne9w@infoseek.co.jp,Male,41.87.228.33
358,Frasco,Trenear,ftrenear9x@constantcontact.com,Polygender,36.173.29.71
359,Ad,Flye,aflye9y@fastcompany.com,Male,168.145.184.68
360,Keven,Marquis,kmarquis9z@meetup.com,Male,93.64.70.188
361,Elsinore,Ledur,eledura0@nymag.com,Female,197.84.167.237
362,Andi,Rosenstock,arosenstocka1@dyndns.org,Female,25.152.41.102
363,Binky,Janauschek,bjanauscheka2@sfgate.com,Male,178.118.67.112
364,Jessi,Hounsham,jhounshama3@zimbio.com,Female,27.205.8.229
365,Jeannie,Crannach,jcrannacha4@furl.net,Female,151.100.77.204
366,Kayne,Lardner,klardnera5@nature.com,Male,65.79.178.115
367,Evanne,Rousel,erousela6@feedburner.com,Female,134.68.28.90
368,Charlie,McElhinney,cmcelhinneya7@gov.uk,Male,2.27.111.136
369,Thadeus,Piatto,tpiattoa8@admin.ch,Male,16.60.191.219
370,Enid,Addyman,eaddymana9@hhs.gov,Agender,73.109.195.45
371,Ogdan,Hallgarth,ohallgarthaa@wikia.com,Male,183.245.245.132
372,Gertrud,Breeton,gbreetonab@wordpress.org,Female,181.112.219.229
373,Gar,Wallentin,gwallentinac@rediff.com,Male,42.157.27.32
374,Sascha,Dwyer,sdwyerad@shareasale.com,Male,6.171.179.152
375,Ben,Ondra,bondraae@phpbb.com,Male,4.191.183.37
376,Prinz,Marple,pmarpleaf@surveymonkey.com,Male,228.47.89.24
377,Amory,Hemmingway,ahemmingwayag@arizona.edu,Genderfluid,175.101.127.123
378,Craggie,Kersley,ckersleyah@answers.com,Male,171.208.130.60
379,Florella,Scola,fscolaai@indiegogo.com,Female,75.72.250.125
380,Camila,Gheraldi,cgheraldiaj@google.de,Female,132.154.54.75
381,Bobbye,Bevar,bbevarak@angelfire.com,Female,15.29.251.206
382,Stevena,Crigin,scriginal@rakuten.co.jp,Female,50.87.153.240
383,Calypso,Grills,cgrillsam@princeton.edu,Female,158.106.52.9
384,Jeramey,Dumphries,jdumphriesan@canalblog.com,Male,124.76.122.253
385,Rolland,Landy,rlandyao@google.es,Male,21.85.110.33
386,Hamlin,De'Ath,hdeathap@rediff.com,Male,214.73.135.225
387,Issiah,Brooks,ibrooksaq@npr.org,Male,228.218.124.48
388,Farrell,Daud,fdaudar@tuttocitta.it,Male,103.199.23.151
389,Mirna,Pybworth,mpybworthas@tiny.cc,Female,226.36.10.240
390,Sherlocke,Ivons,sivonsat@furl.net,Male,254.143.43.62
391,Cordelie,Bloan,cbloanau@npr.org,Female,131.228.44.194
392,Elnore,Speares,espearesav@loc.gov,Female,10.96.137.157
393,Almeda,Bruton,abrutonaw@guardian.co.uk,Female,104.240.138.71
394,Bank,Marron,bmarronax@ucla.edu,Bigender,99.210.218.42
395,Rozanne,O'Keeffe,rokeeffeay@delicious.com,Female,243.104.50.26
396,Ingmar,Rawcliffe,irawcliffeaz@paypal.com,Male,147.109.77.79
397,Loren,Maryott,lmaryottb0@disqus.com,Male,132.58.245.82
398,Chlo,Hemphill,chemphillb1@squidoo.com,Female,193.73.20.117
399,Verge,Challiner,vchallinerb2@eepurl.com,Male,78.152.176.255
400,Grace,Doodson,gdoodsonb3@wisc.edu,Female,66.78.142.15
401,Kassey,Pattingson,kpattingsonb4@boston.com,Female,39.132.6.245
402,Minne,Blessed,mblessedb5@github.com,Female,21.122.132.105
403,Dominic,Osgar,dosgarb6@ow.ly,Genderqueer,133.146.158.25
404,Jeanne,Creak,jcreakb7@addthis.com,Female,163.74.43.72
405,Meg,Paddell,mpaddellb8@china.com.cn,Female,33.191.167.76
406,Artemas,Cardoe,acardoeb9@indiatimes.com,Male,138.214.124.27
407,Wilhelm,Dart,wdartba@columbia.edu,Male,0.255.241.210
408,Jason,Springell,jspringellbb@blinklist.com,Male,149.237.242.72
409,Farrand,Long,flongbc@qq.com,Female,135.147.25.156
410,Oralla,Crichmere,ocrichmerebd@columbia.edu,Female,140.55.11.4
411,Hollyanne,Jilliss,hjillissbe@umich.edu,Female,31.54.221.8
412,Jesus,Janos,jjanosbf@github.io,Male,40.177.69.91
413,Letti,Raiker,lraikerbg@amazon.co.jp,Female,228.69.146.177
414,Malena,Thwaites,mthwaitesbh@smugmug.com,Female,198.69.219.57
415,Haleigh,Noakes,hnoakesbi@artisteer.com,Male,215.131.15.84
416,Frasquito,Jouhan,fjouhanbj@myspace.com,Male,90.70.98.0
417,Win,Padley,wpadleybk@dot.gov,Male,23.103.199.195
418,Esta,Kitchenside,ekitchensidebl@liveinternet.ru,Female,136.80.42.191
419,Peggie,Brolly,pbrollybm@mysql.com,Female,234.177.15.100
420,Odo,Banbrigge,obanbriggebn@statcounter.com,Male,184.133.24.83
421,Karlee,Alston,kalstonbo@harvard.edu,Female,128.68.206.67
422,Dean,De Witt,ddewittbp@mapquest.com,Male,179.198.114.64
423,Corny,Maycock,cmaycockbq@spotify.com,Male,124.45.194.241
424,Sawyere,Cleife,scleifebr@wisc.edu,Male,195.102.51.46
425,Michele,O'Concannon,moconcannonbs@ezinearticles.com,Female,234.20.219.130
426,Jeremiah,Keynd,jkeyndbt@cisco.com,Male,97.54.100.14
427,Tobit,Lomond,tlomondbu@scientificamerican.com,Male,79.48.88.43
428,Rena,Klein,rkleinbv@joomla.org,Female,252.122.229.91
429,Keen,Tapsell,ktapsellbw@hhs.gov,Male,192.60.102.116
430,Darryl,Ballendine,dballendinebx@arizona.edu,Female,127.150.178.164
431,Fonzie,Peert,fpeertby@mail.ru,Male,226.123.79.147
432,Ermentrude,Shurey,eshureybz@paginegialle.it,Female,145.162.18.89
433,Judie,Castellani,jcastellanic0@bbb.org,Female,88.209.231.43
434,Marcus,Coot,mcootc1@free.fr,Male,196.131.11.46
435,Arabella,Newvell,anewvellc2@homestead.com,Female,172.34.138.107
436,Kettie,Whear,kwhearc3@amazon.com,Female,195.27.29.30
437,Christa,Gatchel,cgatchelc4@de.vu,Female,201.70.139.54
438,Whitney,Littlefair,wlittlefairc5@nsw.gov.au,Male,140.32.82.183
439,Nichol,MacInnes,nmacinnesc6@spotify.com,Female,78.75.88.143
440,Mara,Edwardson,medwardsonc7@liveinternet.ru,Female,70.227.140.64
441,Axe,Balint,abalintc8@rakuten.co.jp,Male,133.253.230.175
442,Reiko,Shorto,rshortoc9@icio.us,Female,112.249.126.115
443,Anna,Snelgar,asnelgarca@boston.com,Female,116.251.97.149
444,Major,Paylor,mpaylorcb@github.com,Male,11.240.119.56
445,Chevy,Munnis,cmunniscc@github.com,Male,101.70.77.81
446,Neale,Scarbarrow,nscarbarrowcd@4shared.com,Male,201.30.104.76
447,Nathaniel,Goodson,ngoodsonce@fda.gov,Male,101.171.45.78
448,Jamaal,Heenan,jheenancf@noaa.gov,Male,135.206.26.15
449,Gusty,Kingsnode,gkingsnodecg@google.fr,Non-binary,50.6.20.98
450,Rosella,Slany,rslanych@businessinsider.com,Female,10.54.122.75
451,Vladimir,Balazin,vbalazinci@businessweek.com,Male,45.76.181.92
452,Hamil,Sappy,hsappycj@kickstarter.com,Male,153.245.134.169
453,Norbert,Ruckert,nruckertck@fda.gov,Male,19.161.109.3
454,Garik,Schapiro,gschapirocl@go.com,Male,229.212.94.87
455,Marcy,Schaffler,mschafflercm@ibm.com,Female,106.228.31.247
456,Enoch,Deroche,ederochecn@house.gov,Genderfluid,108.2.177.231
457,Odette,Roberto,orobertoco@jimdo.com,Female,4.37.71.200
458,Leanor,Seldner,lseldnercp@ameblo.jp,Genderfluid,60.17.2.178
459,Corina,Warratt,cwarrattcq@ox.ac.uk,Female,93.170.87.195
460,Samuele,Mulrooney,smulrooneycr@youtu.be,Male,165.199.250.200
461,Phil,Carefull,pcarefullcs@facebook.com,Bigender,42.81.224.187
462,Max,Print,mprintct@unicef.org,Male,2.191.12.101
463,Mavra,Sharrier,msharriercu@chron.com,Female,88.70.236.146
464,Irma,Iddenden,iiddendencv@google.com.hk,Female,197.205.123.180
465,Roderich,Minigo,rminigocw@cbsnews.com,Male,13.3.201.252
466,Mina,Melbourn,mmelbourncx@oaic.gov.au,Female,10.141.53.194
467,Minta,Sparrowe,msparrowecy@usda.gov,Female,193.130.73.102
468,Gris,Fardy,gfardycz@foxnews.com,Male,149.98.2.95
469,Ty,Acock,tacockd0@vimeo.com,Male,51.9.216.42
470,Addie,Roundtree,aroundtreed1@thetimes.co.uk,Male,47.203.8.185
471,Loralie,Atterley,latterleyd2@vistaprint.com,Female,9.39.172.185
472,Vikky,Ilyuchyov,vilyuchyovd3@about.com,Female,156.24.142.121
473,Silvester,Shipsey,sshipseyd4@zimbio.com,Male,152.90.63.105
474,Colver,Niaves,cniavesd5@i2i.jp,Male,212.107.136.6
475,Colas,Middlebrook,cmiddlebrookd6@bloomberg.com,Genderqueer,142.182.102.227
476,Cally,Falshaw,cfalshawd7@live.com,Female,188.25.104.159
477,Agosto,Parkes,aparkesd8@youtu.be,Male,241.90.136.168
478,Colby,Clementi,cclementid9@vinaora.com,Male,32.180.40.199
479,Noelani,Verrell,nverrellda@goodreads.com,Polygender,208.104.176.60
480,Garwood,Casewell,gcasewelldb@chronoengine.com,Male,135.40.106.111
481,Brandise,Lockhead,blockheaddc@ameblo.jp,Female,186.33.163.45
482,Florenza,McReedy,fmcreedydd@blogspot.com,Female,23.20.31.81
483,Araldo,Eden,aedende@zimbio.com,Male,108.224.2.235
484,Daphna,McKinless,dmckinlessdf@quantcast.com,Female,244.89.206.191
485,Nyssa,Ginger,ngingerdg@si.edu,Female,26.138.203.115
486,Cameron,Lardez,clardezdh@pcworld.com,Male,115.60.215.210
487,Eveline,Cundict,ecundictdi@soup.io,Polygender,162.181.53.188
488,Conan,McGavigan,cmcgavigandj@technorati.com,Male,61.118.250.197
489,Baudoin,Goodwin,bgoodwindk@cpanel.net,Non-binary,227.97.151.131
490,Justis,Mousdall,jmousdalldl@php.net,Male,27.118.83.25
491,Traci,Clemintoni,tclemintonidm@merriam-webster.com,Female,44.233.102.166
492,Yorgos,Sapsforde,ysapsfordedn@soup.io,Male,92.167.81.159
493,Kaja,Seefeldt,kseefeldtdo@cam.ac.uk,Female,214.242.82.95
494,Olimpia,Grossier,ogrossierdp@narod.ru,Female,93.28.219.151
495,Fredi,Pither,fpitherdq@tripadvisor.com,Female,7.97.207.55
496,Ernestine,Gerhardt,egerhardtdr@hhs.gov,Female,187.243.60.174
497,Felisha,Linggard,flinggardds@google.com.hk,Female,10.72.196.22
498,Cristobal,Dod,cdoddt@e-recht24.de,Male,71.110.144.217
499,Sly,Dalzell,sdalzelldu@booking.com,Male,234.93.255.115
500,Garold,Cossell,gcosselldv@reuters.com,Male,35.240.50.210
501,Hyacinthia,Casetta,hcasettadw@drupal.org,Female,73.61.40.101
502,Yard,Henfre,yhenfredx@aol.com,Male,45.255.63.135
503,Web,Torrecilla,wtorrecillady@g.co,Male,131.184.163.152
504,Nicoli,Large,nlargedz@marriott.com,Female,110.253.174.145
505,Fabio,Skates,fskatese0@example.com,Male,180.26.240.78
506,Cy,Rowswell,crowswelle1@xrea.com,Male,151.56.178.224
507,Edmon,Saur,esaure2@blogspot.com,Male,171.158.78.213
508,Irwinn,Kraft,ikrafte3@twitpic.com,Male,191.146.135.238
509,Jesse,Parsley,jparsleye4@baidu.com,Male,80.122.116.59
510,Dulcea,Yanshinov,dyanshinove5@technorati.com,Female,160.9.85.85
511,Linet,Jorczyk,ljorczyke6@dyndns.org,Non-binary,255.253.7.114
512,Dur,Paintain,dpaintaine7@shutterfly.com,Male,218.154.15.238
513,Ram,Brinicombe,rbrinicombee8@woothemes.com,Male,127.233.103.217
514,Mercie,Bearsmore,mbearsmoree9@amazon.de,Female,80.182.235.191
515,Andris,Holttom,aholttomea@nydailynews.com,Male,12.131.18.152
516,Yalonda,Gall,ygalleb@mit.edu,Female,202.148.189.129
517,Doro,Jay,djayec@stumbleupon.com,Female,49.74.55.100
518,Peirce,Rangle,prangleed@youtu.be,Male,60.63.102.182
519,Borg,Andreaccio,bandreaccioee@state.gov,Male,63.245.160.244
520,Pippy,Norman,pnormanef@cornell.edu,Female,113.252.153.231
521,Edgardo,Lindop,elindopeg@google.com.au,Male,120.212.39.225
522,Alvinia,Bartram,abartrameh@people.com.cn,Female,216.180.109.71
523,Lotte,McKeevers,lmckeeversei@stanford.edu,Female,111.135.124.62
524,Danita,Jerdan,djerdanej@cocolog-nifty.com,Female,193.156.0.89
525,Genny,Piscopiello,gpiscopielloek@barnesandnoble.com,Female,119.233.248.61
526,Valentin,Cogin,vcoginel@t.co,Male,65.37.51.23
527,Basil,Euler,beulerem@opera.com,Male,152.31.27.111
528,Lillis,Browse,lbrowseen@mail.ru,Female,87.93.141.202
529,Mayer,Yvens,myvenseo@ovh.net,Male,29.130.85.100
530,Leonidas,Hought,lhoughtep@archive.org,Male,103.39.157.67
531,Shelby,Pottell,spottelleq@un.org,Female,140.177.173.47
532,Wain,Androletti,wandrolettier@state.gov,Male,99.234.9.226
533,Sibby,Crain,scraines@bizjournals.com,Female,249.115.15.30
534,Sayres,Ccomini,sccominiet@apache.org,Male,238.9.227.63
535,Daryl,Haly,dhalyeu@indiatimes.com,Male,99.36.173.197
536,Janela,Adne,jadneev@nhs.uk,Female,126.5.185.117
537,Barri,Scotcher,bscotcherew@seattletimes.com,Male,139.231.142.186
538,Gertrud,Eschalotte,geschalotteex@tiny.cc,Female,225.83.55.223
539,Eddie,Beedon,ebeedoney@blogtalkradio.com,Female,236.24.243.107
540,Sigmund,Winn,swinnez@sogou.com,Male,142.81.162.191
541,Sheelah,Guthrum,sguthrumf0@google.pl,Female,125.33.82.78
542,Alvin,Butterly,abutterlyf1@posterous.com,Male,18.88.105.89
543,Loree,Antcliffe,lantcliffef2@weebly.com,Female,103.105.98.246
544,Norris,Maclaine,nmaclainef3@google.com.hk,Male,18.151.144.85
545,Homere,Ishchenko,hishchenkof4@archive.org,Male,138.97.74.219
546,Broddy,Galletley,bgalletleyf5@cbslocal.com,Male,227.154.68.186
547,Janka,Moreton,jmoretonf6@psu.edu,Female,207.44.135.64
548,Pincus,Tretter,ptretterf7@hugedomains.com,Male,208.239.84.248
549,Ugo,Nagle,unaglef8@wiley.com,Genderqueer,163.157.147.125
550,Janene,Luberto,jlubertof9@mit.edu,Female,84.55.247.170
551,Jo,Worden,jwordenfa@mayoclinic.com,Male,34.137.207.9
552,Elfreda,Nunn,enunnfb@gov.uk,Female,161.252.35.86
553,Johny,Glanister,jglanisterfc@harvard.edu,Male,211.51.12.200
554,Raoul,MacLaren,rmaclarenfd@army.mil,Male,141.223.33.249
555,Regan,Shuttell,rshuttellfe@dropbox.com,Male,211.210.30.17
556,Clarita,Burnand,cburnandff@amazonaws.com,Female,155.134.3.215
557,Gilly,Grouvel,ggrouvelfg@clickbank.net,Female,202.246.192.48
558,Sanson,Airth,sairthfh@usgs.gov,Male,170.34.192.31
559,Denys,Emmot,demmotfi@fastcompany.com,Male,168.137.160.19
560,Anderea,Iannazzi,aiannazzifj@blogtalkradio.com,Genderfluid,139.194.214.202
561,Bartholomeo,Adenet,badenetfk@qq.com,Male,25.175.168.226
562,Hadley,O'Moylan,homoylanfl@nationalgeographic.com,Male,169.51.241.27
563,Brice,Peirson,bpeirsonfm@ovh.net,Male,155.129.99.40
564,Alla,Glanville,aglanvillefn@livejournal.com,Female,190.160.76.19
565,Lura,Chatters,lchattersfo@samsung.com,Female,48.170.227.45
566,Ripley,Bonwick,rbonwickfp@webnode.com,Male,190.26.120.72
567,Germaine,Aveson,gavesonfq@eventbrite.com,Female,138.165.36.98
568,Barnard,Stanman,bstanmanfr@tiny.cc,Male,191.125.122.204
569,Beatrix,Readwood,breadwoodfs@ucla.edu,Female,152.214.225.101
570,Janice,Pachmann,jpachmannft@wix.com,Female,224.202.97.116
571,Jackie,Izhakov,jizhakovfu@gnu.org,Female,204.18.106.27
572,Forbes,Gilder,fgilderfv@cdbaby.com,Male,177.144.234.135
573,Tory,Jollie,tjolliefw@issuu.com,Female,42.42.102.234
574,Amandy,Slavin,aslavinfx@zimbio.com,Female,188.142.8.87
575,Menard,Lescop,mlescopfy@drupal.org,Male,241.243.87.59
576,Nataniel,Gard,ngardfz@statcounter.com,Male,16.82.61.245
577,Ashien,Seagood,aseagoodg0@wikispaces.com,Female,200.27.148.63
578,Ashla,Jirzik,ajirzikg1@unblog.fr,Female,180.219.181.197
579,Clementina,Beebis,cbeebisg2@ihg.com,Female,66.122.16.71
580,Edi,Suttaby,esuttabyg3@xinhuanet.com,Female,242.165.31.248
581,Vivyan,Doud,vdoudg4@mapy.cz,Female,144.35.119.255
582,Ervin,Crepin,ecreping5@house.gov,Male,19.198.236.20
583,Florella,Hughes,fhughesg6@mit.edu,Female,191.57.33.137
584,Iorgos,Storr,istorrg7@51.la,Male,67.180.12.145
585,Padraig,Zelland,pzellandg8@goo.ne.jp,Male,142.250.31.138
586,Elicia,Bernaldez,ebernaldezg9@mapquest.com,Female,209.91.255.92
587,Fonz,Hanlon,fhanlonga@si.edu,Male,57.124.88.124
588,Rawley,Whipp,rwhippgb@time.com,Male,108.236.218.47
589,Ferrell,Pedlar,fpedlargc@ameblo.jp,Polygender,31.143.184.240
590,Nye,Pennick,npennickgd@posterous.com,Male,249.113.87.108
591,Brander,Adamo,badamoge@psu.edu,Male,84.255.212.61
592,Tildie,Sheards,tsheardsgf@deviantart.com,Female,72.31.156.236
593,Keelia,Pennings,kpenningsgg@patch.com,Female,92.118.211.153
594,Gill,Imms,gimmsgh@google.com,Male,92.46.250.21
595,Madison,Pepperrall,mpepperrallgi@google.com.br,Male,114.141.223.24
596,Annmarie,McIlriach,amcilriachgj@hugedomains.com,Female,227.109.75.57
597,Clim,Sprague,cspraguegk@lulu.com,Male,123.83.252.144
598,Gretta,Nawton,gnawtongl@zimbio.com,Female,243.211.173.61
599,Florian,Rizzillo,frizzillogm@bravesites.com,Male,225.87.245.144
600,Lorenza,Linch,llinchgn@wp.com,Female,108.91.114.75
601,Valentijn,Nisbet,vnisbetgo@networkadvertising.org,Male,75.204.116.77
602,Phineas,Brizell,pbrizellgp@topsy.com,Male,58.85.5.196
603,Willi,Georgelin,wgeorgelingq@adobe.com,Female,132.162.143.201
604,Rania,Fishwick,rfishwickgr@yellowbook.com,Female,231.100.135.19
605,Oliy,Dandie,odandiegs@baidu.com,Female,5.228.136.61
606,Farrel,Crouch,fcrouchgt@timesonline.co.uk,Male,128.1.2.141
607,Grantley,Guntrip,gguntripgu@toplist.cz,Male,253.170.127.208
608,Steffane,Liverock,sliverockgv@boston.com,Female,230.39.241.106
609,Tessi,Saice,tsaicegw@omniture.com,Female,95.87.75.101
610,Meta,Clayden,mclaydengx@elpais.com,Female,252.228.67.181
611,Mariel,Hanalan,mhanalangy@ycombinator.com,Female,196.249.128.88
612,Rainer,Linklater,rlinklatergz@google.es,Male,247.102.118.122
613,Aurie,Wevell,awevellh0@unesco.org,Female,110.97.8.213
614,Ethan,Wissbey,ewissbeyh1@trellian.com,Male,151.242.97.104
615,Cherilynn,Dermot,cdermoth2@booking.com,Female,100.120.238.218
616,Zane,Ravenscraft,zravenscrafth3@reuters.com,Male,74.126.190.4
617,Mycah,Conibeer,mconibeerh4@dell.com,Male,56.23.101.215
618,Ella,Tweedy,etweedyh5@engadget.com,Female,36.187.65.157
619,Alexei,Grindell,agrindellh6@amazon.com,Polygender,110.93.96.16
620,Carine,Kalinsky,ckalinskyh7@ox.ac.uk,Female,151.238.84.28
621,Giavani,Wallsam,gwallsamh8@illinois.edu,Male,70.71.28.66
622,Winston,Delamaine,wdelamaineh9@woothemes.com,Male,126.202.74.21
623,Gabriel,Markham,gmarkhamha@angelfire.com,Male,43.93.96.157
624,Ferrel,Chilton,fchiltonhb@webmd.com,Male,52.15.242.92
625,Ashil,Hassent,ahassenthc@twitter.com,Female,19.87.125.33
626,Belinda,Guyer,bguyerhd@ow.ly,Female,47.95.249.92
627,Audrye,Agerskow,aagerskowhe@ycombinator.com,Female,41.96.223.56
628,Marie,Delagua,mdelaguahf@foxnews.com,Female,18.57.69.38
629,Cameron,Tsarovic,ctsarovichg@e-recht24.de,Male,16.132.117.229
630,Trenna,Capeloff,tcapeloffhh@reddit.com,Female,144.222.2.121
631,Darnell,Wigan,dwiganhi@fotki.com,Male,187.191.154.40
632,Novelia,Peaseman,npeasemanhj@ihg.com,Female,162.176.209.141
633,Phineas,Niles,pnileshk@issuu.com,Male,11.94.203.199
634,Cleveland,Twiddy,ctwiddyhl@mtv.com,Male,62.17.33.221
635,Goldi,Cuttin,gcuttinhm@buzzfeed.com,Female,76.80.134.119
636,Celeste,Dillingston,cdillingstonhn@nba.com,Female,47.8.150.226
637,Howey,Abrashkin,habrashkinho@pagesperso-orange.fr,Male,162.29.135.255
638,Skylar,Rubinov,srubinovhp@ft.com,Male,27.234.46.185
639,Jaime,O'Connolly,joconnollyhq@51.la,Polygender,52.178.50.231
640,Willis,Penchen,wpenchenhr@nhs.uk,Genderfluid,77.45.245.129
641,Lothaire,Chenery,lcheneryhs@comcast.net,Male,6.177.82.204
642,Benetta,Slocom,bslocomht@jiathis.com,Female,184.33.252.4
643,Atlanta,Trusler,atruslerhu@dmoz.org,Female,196.225.42.187
644,Bernadene,Welberry,bwelberryhv@wikia.com,Female,128.203.56.105
645,Rodrique,Bridgwater,rbridgwaterhw@cisco.com,Male,86.31.130.87
646,Rosalie,Nitto,rnittohx@de.vu,Female,202.27.99.243
647,Seward,Hindes,shindeshy@github.io,Male,72.204.206.246
648,Sandra,Cleaver,scleaverhz@godaddy.com,Female,54.90.14.124
649,Melodee,Truswell,mtruswelli0@vkontakte.ru,Female,50.242.107.3
650,Rowan,Mollindinia,rmollindiniai1@opensource.org,Male,53.40.42.182
651,Tyrus,Reddyhoff,treddyhoffi2@scientificamerican.com,Male,28.249.88.141
652,Dukey,Chesters,dchestersi3@xing.com,Male,32.77.253.169
653,Dorena,Moran,dmorani4@edublogs.org,Female,122.117.29.60
654,Rahel,Brobeck,rbrobecki5@webnode.com,Female,63.150.3.231
655,Cary,Garforth,cgarforthi6@about.com,Female,246.163.197.44
656,Spence,Thripp,sthrippi7@acquirethisname.com,Male,82.189.234.162
657,Connie,Balcock,cbalcocki8@google.co.jp,Male,185.24.162.91
658,Marlowe,Gillogley,mgillogleyi9@si.edu,Male,220.59.90.31
659,Tarrance,Francesc,tfrancescia@multiply.com,Male,13.135.65.159
660,Junina,Tutchener,jtutchenerib@jugem.jp,Bigender,159.254.155.159
661,Letisha,Marquis,lmarquisic@deviantart.com,Female,87.226.131.175
662,Kendra,Edgley,kedgleyid@arstechnica.com,Female,125.46.140.27
663,Cornelle,Gobel,cgobelie@adobe.com,Female,20.25.218.43
664,Sebastiano,Fawloe,sfawloeif@mac.com,Male,255.250.151.253
665,Priscella,Kinchin,pkinchinig@etsy.com,Female,210.108.249.9
666,Nerti,Fyfe,nfyfeih@state.gov,Female,37.76.209.114
667,Dotty,Gilhouley,dgilhouleyii@acquirethisname.com,Female,164.191.223.91
668,Alvira,Jirsa,ajirsaij@fastcompany.com,Female,203.56.55.248
669,Maddie,Dohmann,mdohmannik@cnbc.com,Male,41.155.245.4
670,Berthe,Smaridge,bsmaridgeil@abc.net.au,Female,204.187.213.95
671,Jere,Trinder,jtrinderim@blogs.com,Male,84.127.63.47
672,Wilmar,Romagnosi,wromagnosiin@scribd.com,Male,146.40.194.109
673,Selie,O'Henehan,sohenehanio@redcross.org,Female,211.216.22.243
674,Sibel,Hexum,shexumip@furl.net,Female,29.103.39.228
675,Aloise,Husselbee,ahusselbeeiq@photobucket.com,Female,201.157.223.118
676,Gisella,Lifsey,glifseyir@hao123.com,Female,117.245.201.197
677,Pandora,Grisewood,pgrisewoodis@weather.com,Female,206.84.230.130
678,Tomas,Andrini,tandriniit@usda.gov,Male,242.44.163.195
679,Ariadne,Androletti,aandrolettiiu@redcross.org,Female,225.88.47.198
680,Drake,Janatka,djanatkaiv@cbsnews.com,Male,69.32.240.220
681,Linzy,Harragin,lharraginiw@amazon.de,Female,216.169.11.2
682,Milo,Mardlin,mmardlinix@oakley.com,Male,45.206.33.202
683,Bank,Garioch,bgariochiy@skype.com,Bigender,196.103.21.52
684,Clim,Cobby,ccobbyiz@amazonaws.com,Male,106.145.59.165
685,Issiah,Lambole,ilambolej0@amazon.de,Male,195.222.132.65
686,Marwin,Stollenwerck,mstollenwerckj1@example.com,Male,84.162.93.198
687,Mortie,Kleine,mkleinej2@macromedia.com,Male,182.127.193.32
688,Michaella,Weedenburg,mweedenburgj3@istockphoto.com,Female,164.130.82.164
689,Ignace,Pinck,ipinckj4@hao123.com,Male,33.64.9.227
690,Creighton,Crabbe,ccrabbej5@narod.ru,Male,5.202.78.231
691,Harrison,Urvoy,hurvoyj6@wsj.com,Male,65.160.250.129
692,Hurlee,Beringer,hberingerj7@github.com,Male,130.215.78.157
693,Marice,Skirlin,mskirlinj8@etsy.com,Female,160.194.175.200
694,Alphard,Senechault,asenechaultj9@g.co,Male,99.240.87.177
695,Margo,Geratt,mgerattja@skype.com,Female,145.163.83.99
696,Zebulen,Grocutt,zgrocuttjb@so-net.ne.jp,Male,234.192.240.63
697,Angy,Lomis,alomisjc@amazon.de,Agender,38.211.49.177
698,Sherm,Broomhall,sbroomhalljd@alibaba.com,Male,62.128.78.26
699,Kennie,Dysart,kdysartje@soup.io,Male,107.223.19.73
700,Kathryn,Littrick,klittrickjf@blogtalkradio.com,Female,164.25.208.88
701,Shawn,Buske,sbuskejg@pagesperso-orange.fr,Female,178.99.81.233
702,Obediah,D'Abbot-Doyle,odabbotdoylejh@over-blog.com,Male,193.234.6.184
703,Lisle,Beardall,lbeardallji@prnewswire.com,Male,73.43.159.59
704,Godwin,Grinsdale,ggrinsdalejj@opensource.org,Male,48.200.141.80
705,Deane,Alexis,dalexisjk@rediff.com,Male,98.130.139.84
706,Madalena,Allsep,mallsepjl@economist.com,Female,74.122.253.148
707,Helaina,Fiddler,hfiddlerjm@cocolog-nifty.com,Female,150.143.224.214
708,Hortensia,Byforth,hbyforthjn@tinyurl.com,Female,159.208.191.198
709,Aridatha,Instrell,ainstrelljo@infoseek.co.jp,Female,140.216.57.201
710,Sidnee,Gorusso,sgorussojp@dropbox.com,Male,193.1.25.84
711,Stacy,Lupson,slupsonjq@prweb.com,Male,217.126.7.159
712,Veronika,Anscott,vanscottjr@washingtonpost.com,Female,109.63.77.28
713,Priscella,Marvin,pmarvinjs@usatoday.com,Female,0.123.250.130
714,Winfield,Schrieves,wschrievesjt@parallels.com,Male,203.139.237.215
715,Lane,Schafer,lschaferju@hibu.com,Female,116.13.158.132
716,Carmine,Eloy,celoyjv@yandex.ru,Male,12.169.51.33
717,Lin,Fairfoul,lfairfouljw@skype.com,Male,208.119.13.183
718,Skip,Davers,sdaversjx@loc.gov,Male,106.211.82.194
719,Nadia,Mordey,nmordeyjy@g.co,Female,202.121.78.109
720,Brandi,Batman,bbatmanjz@sitemeter.com,Female,238.182.253.166
721,Kandace,Feedham,kfeedhamk0@tuttocitta.it,Female,239.229.145.112
722,Karrie,Twiggins,ktwigginsk1@who.int,Polygender,100.169.205.236
723,Alfie,Dyett,adyettk2@pen.io,Male,109.20.246.25
724,Towney,Walkling,twalklingk3@slideshare.net,Male,175.13.70.251
725,Tallulah,Grouse,tgrousek4@java.com,Female,195.247.122.178
726,Eustace,Peirson,epeirsonk5@house.gov,Male,193.16.33.136
727,Rayner,Limeburn,rlimeburnk6@google.nl,Male,180.222.119.32
728,Hurleigh,Sampson,hsampsonk7@amazon.co.jp,Male,145.60.194.246
729,Frayda,Dytham,fdythamk8@oracle.com,Genderqueer,229.232.48.108
730,Nate,Maytum,nmaytumk9@wisc.edu,Male,18.165.223.120
731,Giulio,Essery,gesseryka@paypal.com,Male,139.229.244.137
732,Laurette,Hatz,lhatzkb@odnoklassniki.ru,Genderqueer,170.46.173.72
733,Gillan,Ponte,gpontekc@icio.us,Female,240.120.55.238
734,Herrick,Riggott,hriggottkd@dedecms.com,Male,94.192.170.40
735,Alyce,Knoble,aknobleke@ft.com,Bigender,91.101.175.17
736,Suzanne,Phonix,sphonixkf@tumblr.com,Female,65.173.252.0
737,Aubrette,Darrow,adarrowkg@symantec.com,Female,157.161.225.123
738,Farrah,Lantry,flantrykh@dyndns.org,Female,178.13.3.236
739,Sigismund,Jahnel,sjahnelki@simplemachines.org,Male,188.118.162.194
740,Gennifer,Caswill,gcaswillkj@sphinn.com,Female,175.186.61.138
741,Jefferson,Weir,jweirkk@plala.or.jp,Male,186.211.180.209
742,Tabbie,Bottrell,tbottrellkl@mapquest.com,Male,75.144.107.232
743,Reta,Likly,rliklykm@newsvine.com,Female,74.79.231.185
744,Nydia,Ascraft,nascraftkn@tripod.com,Female,110.141.199.112
745,Shirlee,Woollons,swoollonsko@qq.com,Female,193.19.231.248
746,Jenna,Wiffen,jwiffenkp@youku.com,Female,245.103.73.178
747,Nicolle,Edmundson,nedmundsonkq@wufoo.com,Female,113.217.214.164
748,Tirrell,Upson,tupsonkr@bloglovin.com,Male,4.90.152.0
749,Pat,Biaggi,pbiaggiks@tinypic.com,Male,251.255.49.172
750,Gilly,Dalliston,gdallistonkt@redcross.org,Female,225.214.182.109
751,Tibold,Tripean,ttripeanku@vk.com,Male,178.88.163.22
752,Catarina,Reppaport,creppaportkv@usa.gov,Female,74.115.24.63
753,Benedikta,Drydale,bdrydalekw@list-manage.com,Female,134.211.127.214
754,Shane,Peterson,spetersonkx@oaic.gov.au,Female,100.70.27.107
755,Ambrosius,Eke,aekeky@flavors.me,Male,151.104.21.233
756,Gabby,Kunzelmann,gkunzelmannkz@1und1.de,Genderfluid,91.213.35.222
757,Guntar,Kinde,gkindel0@sogou.com,Male,250.193.156.143
758,Feodora,Valett,fvalettl1@usa.gov,Female,87.116.155.77
759,Neddie,Pandey,npandeyl2@yahoo.co.jp,Genderfluid,148.243.127.249
760,Gasparo,Claffey,gclaffeyl3@time.com,Male,112.252.75.225
761,Mirelle,Girke,mgirkel4@japanpost.jp,Female,134.102.69.152
762,Britta,Flawith,bflawithl5@va.gov,Female,235.253.118.43
763,Norman,Loveday,nlovedayl6@imageshack.us,Male,185.90.13.63
764,Yorgos,McGettigan,ymcgettiganl7@vk.com,Male,161.254.2.221
765,Dell,Elgee,delgeel8@weather.com,Female,70.244.4.235
766,Brook,Sissot,bsissotl9@issuu.com,Female,109.166.154.231
767,Suki,Lubeck,slubeckla@ovh.net,Female,110.6.111.177
768,Denny,Eneas,deneaslb@pcworld.com,Female,220.77.226.111
769,Amos,Laingmaid,alaingmaidlc@zimbio.com,Male,131.225.199.189
770,Debbie,McAlister,dmcalisterld@blogger.com,Female,54.22.189.80
771,Sky,Bernardeau,sbernardeaule@shinystat.com,Male,248.227.96.225
772,Francyne,Pavy,fpavylf@twitpic.com,Female,67.25.226.145
773,Bianca,Azam,bazamlg@boston.com,Female,123.183.94.107
774,Dud,Pentycost,dpentycostlh@tinypic.com,Male,79.11.105.11
775,Coop,Keenlyside,ckeenlysideli@shinystat.com,Male,245.170.5.146
776,Ramonda,Yarrington,ryarringtonlj@feedburner.com,Female,237.202.127.185
777,Ophelie,Cluff,oclufflk@msn.com,Female,27.254.58.59
778,Grantley,O'Carney,gocarneyll@jiathis.com,Male,70.103.218.77
779,Rollo,Belison,rbelisonlm@psu.edu,Male,180.147.83.171
780,Ariadne,Wilkenson,awilkensonln@bloglovin.com,Female,3.208.153.207
781,Gale,Lampen,glampenlo@quantcast.com,Female,246.171.230.147
782,Adara,Hyde,ahydelp@domainmarket.com,Polygender,117.99.10.100
783,Corene,Goodale,cgoodalelq@gmpg.org,Female,126.34.65.11
784,Rubina,Grene,rgrenelr@mediafire.com,Female,27.15.163.159
785,Geordie,Bennedick,gbennedickls@newyorker.com,Male,200.136.179.212
786,Nicolas,MacCleay,nmaccleaylt@hao123.com,Male,48.172.152.239
787,Alford,Litzmann,alitzmannlu@infoseek.co.jp,Male,67.112.31.234
788,Bordy,Milstead,bmilsteadlv@barnesandnoble.com,Male,172.218.89.142
789,Bailey,Ailsbury,bailsburylw@theatlantic.com,Male,197.79.5.0
790,Forster,Caccavari,fcaccavarilx@hugedomains.com,Male,253.197.200.81
791,Bella,Beesey,bbeeseyly@sciencedirect.com,Female,101.138.71.86
792,Martelle,Volks,mvolkslz@scientificamerican.com,Polygender,38.161.232.39
793,Otha,Raynard,oraynardm0@fema.gov,Female,17.241.142.169
794,Bink,Unwin,bunwinm1@lycos.com,Male,240.231.43.18
795,Debbie,Rawlins,drawlinsm2@wordpress.org,Female,113.126.235.49
796,Agnese,Loudian,aloudianm3@quantcast.com,Non-binary,158.207.154.122
797,Willetta,Lloyds,wlloydsm4@mit.edu,Female,210.233.247.223
798,Karrah,Fundell,kfundellm5@nifty.com,Female,112.116.169.62
799,Kimberlyn,Farreil,kfarreilm6@google.es,Female,3.1.81.141
800,Bunni,Smallthwaite,bsmallthwaitem7@about.com,Female,254.105.200.53
801,Sigfried,Danby,sdanbym8@cam.ac.uk,Male,79.48.241.138
802,Noelyn,Frisch,nfrischm9@e-recht24.de,Female,81.3.52.74
803,Cortney,Ezzle,cezzlema@com.com,Female,77.135.176.212
804,Gwendolyn,Cummings,gcummingsmb@livejournal.com,Female,19.197.204.44
805,Gus,Cocksedge,gcocksedgemc@auda.org.au,Female,93.80.121.223
806,Cordie,Farry,cfarrymd@latimes.com,Male,98.34.57.232
807,Esme,Sturzaker,esturzakerme@ning.com,Female,27.100.142.147
808,Danell,Shippey,dshippeymf@goo.gl,Female,207.172.223.71
809,Garrott,Herreros,gherrerosmg@sina.com.cn,Male,205.3.176.85
810,Gusella,Duprey,gdupreymh@apache.org,Female,218.113.142.249
811,Dominik,Aguirrezabal,daguirrezabalmi@hexun.com,Male,103.57.137.74
812,Monika,Danby,mdanbymj@marriott.com,Female,191.85.145.111
813,Erhart,Sargood,esargoodmk@alexa.com,Male,119.145.46.81
814,Clarisse,Landell,clandellml@freewebs.com,Agender,141.162.176.86
815,Harri,Gemnett,hgemnettmm@seesaa.net,Female,86.118.88.178
816,Siward,Chadwen,schadwenmn@soundcloud.com,Male,58.141.176.48
817,Enoch,Eggins,eegginsmo@exblog.jp,Male,62.20.177.151
818,Guglielma,Kingsnod,gkingsnodmp@icio.us,Female,100.211.218.166
819,Wynn,Conry,wconrymq@newsvine.com,Male,44.37.189.110
820,Killian,Gabbot,kgabbotmr@wordpress.org,Male,11.98.152.14
821,Jamey,Keeri,jkeerims@is.gd,Male,245.91.59.71
822,Foster,Endrizzi,fendrizzimt@uiuc.edu,Male,234.150.221.82
823,Shirl,Writer,swritermu@google.it,Genderqueer,245.234.225.161
824,Rey,Lambertz,rlambertzmv@purevolume.com,Female,106.164.192.13
825,Jephthah,Edmunds,jedmundsmw@princeton.edu,Male,79.100.146.128
826,Carena,Tague,ctaguemx@amazon.co.uk,Female,127.54.65.112
827,Wash,Jann,wjannmy@nbcnews.com,Male,150.46.255.210
828,Brady,Stockoe,bstockoemz@infoseek.co.jp,Male,239.238.198.104
829,Carol,Prestner,cprestnern0@instagram.com,Female,40.235.119.13
830,Jacinta,Cradoc,jcradocn1@histats.com,Female,63.52.205.154
831,Aura,Severn,asevernn2@cloudflare.com,Female,234.116.193.208
832,Dyana,Cubberley,dcubberleyn3@tuttocitta.it,Female,31.247.91.104
833,Serge,Perello,sperellon4@usatoday.com,Male,126.157.147.136
834,Dennis,Longley,dlongleyn5@jimdo.com,Male,177.223.173.94
835,Angelle,Houseman,ahousemann6@nbcnews.com,Female,184.101.19.236
836,Ferdie,Jiggen,fjiggenn7@etsy.com,Non-binary,55.163.158.147
837,Bernadette,Wareing,bwareingn8@narod.ru,Female,51.215.255.124
838,Chelsy,Codrington,ccodringtonn9@scientificamerican.com,Female,2.183.89.239
839,Beaufort,Beagan,bbeaganna@arizona.edu,Male,24.20.217.220
840,Lawry,Sidary,lsidarynb@icio.us,Male,157.200.9.184
841,Karna,Milington,kmilingtonnc@behance.net,Female,127.118.35.4
842,Antonina,Meddings,ameddingsnd@google.ca,Female,99.187.244.158
843,Gail,Broderick,gbroderickne@sina.com.cn,Male,102.252.231.138
844,Rochell,Fetter,rfetternf@webeden.co.uk,Female,145.207.40.30
845,Florian,Chipperfield,fchipperfieldng@independent.co.uk,Male,239.22.175.125
846,Dasie,Hayer,dhayernh@shinystat.com,Female,98.230.156.42
847,Brunhilda,Bampforth,bbampforthni@rediff.com,Female,107.233.84.154
848,Faun,Dunstone,fdunstonenj@1688.com,Female,17.128.42.254
849,Robina,Cranmore,rcranmorenk@examiner.com,Agender,64.4.216.189
850,Nan,Nolda,nnoldanl@dailymail.co.uk,Genderqueer,183.46.39.164
851,Fiorenze,Dewis,fdewisnm@shop-pro.jp,Female,185.192.155.170
852,Max,Hesbrook,mhesbrooknn@census.gov,Male,168.228.30.18
853,Lorelle,Bertie,lbertieno@skype.com,Female,56.123.90.207
854,Owen,Balderson,obaldersonnp@chron.com,Male,10.138.172.107
855,Roanna,Dalzell,rdalzellnq@sciencedaily.com,Female,148.255.107.174
856,Rivkah,Eliassen,reliassennr@mit.edu,Female,72.99.100.157
857,Corney,Treacy,ctreacyns@smugmug.com,Male,0.178.95.205
858,Dalt,Manus,dmanusnt@berkeley.edu,Male,204.134.199.55
859,Warren,Bows,wbowsnu@xing.com,Male,12.236.230.228
860,Sherlock,Reignard,sreignardnv@globo.com,Male,190.169.42.155
861,Major,Skpsey,mskpseynw@ustream.tv,Male,88.234.73.32
862,Tod,Riddlesden,triddlesdennx@elegantthemes.com,Male,216.226.43.26
863,Robin,Guille,rguilleny@jugem.jp,Female,146.239.176.133
864,Evyn,Philipps,ephilippsnz@tmall.com,Male,159.205.48.54
865,Fritz,Witul,fwitulo0@state.tx.us,Male,118.253.91.166
866,Hurleigh,Fisbey,hfisbeyo1@cnet.com,Male,34.237.252.85
867,Stavro,Saffill,ssaffillo2@tinypic.com,Male,80.166.213.98
868,Blinny,Gask,bgasko3@intel.com,Female,225.106.62.116
869,Mirella,Bisseker,mbissekero4@discovery.com,Female,81.74.131.51
870,Gunilla,Avramow,gavramowo5@about.me,Female,116.187.80.121
871,Hollie,McMorran,hmcmorrano6@nba.com,Female,134.119.109.167
872,Kath,Avramov,kavramovo7@bbc.co.uk,Female,81.202.74.241
873,Jesse,Yitzhok,jyitzhoko8@gmpg.org,Female,128.77.49.141
874,Marion,Ostler,mostlero9@yale.edu,Female,181.14.176.112
875,Lynnea,Oehm,loehmoa@cargocollective.com,Female,119.37.86.104
876,Georgine,Graeme,ggraemeob@slideshare.net,Female,149.63.179.19
877,Issy,Twohig,itwohigoc@hhs.gov,Female,107.73.19.186
878,Aveline,Iacobo,aiacobood@arstechnica.com,Female,96.157.230.71
879,Woodie,Infantino,winfantinooe@ucla.edu,Male,21.229.228.13
880,Cherish,Creasey,ccreaseyof@liveinternet.ru,Female,84.149.186.84
881,Jory,Skures,jskuresog@csmonitor.com,Male,18.139.97.114
882,Killy,Hilhouse,khilhouseoh@pcworld.com,Male,163.110.217.142
883,Winston,Gundrey,wgundreyoi@mtv.com,Male,20.88.96.238
884,Stanislaus,Deane,sdeaneoj@tuttocitta.it,Male,142.87.215.184
885,Dewitt,Perfili,dperfiliok@fema.gov,Male,233.14.225.198
886,Brandyn,Orsman,borsmanol@home.pl,Polygender,52.91.79.248
887,Maison,Wilcock,mwilcockom@vkontakte.ru,Male,43.36.106.207
888,Locke,Sommerlin,lsommerlinon@dailymotion.com,Genderfluid,34.191.128.94
889,Debora,Croxton,dcroxtonoo@flavors.me,Polygender,211.251.167.26
890,Pedro,Wadwell,pwadwellop@adobe.com,Male,222.198.150.253
891,Steffane,Poxon,spoxonoq@mit.edu,Female,52.194.11.144
892,Orelia,Eliot,oeliotor@51.la,Female,86.178.243.63
893,Daniel,Faithfull,dfaithfullos@jugem.jp,Male,12.155.145.9
894,Abbe,Jirick,ajirickot@slashdot.org,Male,43.162.153.102
895,Hyacinth,Margrett,hmargrettou@globo.com,Female,177.242.132.75
896,Efrem,Siemandl,esiemandlov@state.tx.us,Non-binary,207.54.242.118
897,Robinet,Nanuccioi,rnanuccioiow@photobucket.com,Male,18.47.56.68
898,Gaby,Fowler,gfowlerox@xrea.com,Genderfluid,203.0.124.171
899,Robinett,Hyndson,rhyndsonoy@cisco.com,Female,214.7.139.33
900,Merill,Smallwood,msmallwoodoz@hp.com,Male,100.219.164.69
901,Esme,Shepheard,eshepheardp0@soundcloud.com,Female,28.155.57.67
902,Barrie,Guerola,bguerolap1@usatoday.com,Female,239.238.236.30
903,Pegeen,Pledger,ppledgerp2@archive.org,Female,29.112.159.74
904,Upton,Brickhill,ubrickhillp3@a8.net,Male,124.23.90.136
905,Wilmar,Chessman,wchessmanp4@vistaprint.com,Male,52.246.217.109
906,Arnie,Pude,apudep5@techcrunch.com,Male,176.219.89.64
907,Nico,Oakman,noakmanp6@opensource.org,Male,126.110.104.208
908,Brinna,Mozzini,bmozzinip7@ucsd.edu,Female,14.167.5.50
909,Inglis,Haggis,ihaggisp8@lulu.com,Male,64.237.135.116
910,Cazzie,Connerry,cconnerryp9@gizmodo.com,Male,167.252.112.46
911,Denna,Keedwell,dkeedwellpa@businesswire.com,Female,47.231.199.207
912,Dennison,Fensome,dfensomepb@chronoengine.com,Male,222.192.203.73
913,Bernardo,Ballendine,bballendinepc@list-manage.com,Male,246.82.219.102
914,Valdemar,Soppett,vsoppettpd@123-reg.co.uk,Male,153.205.82.83
915,Dulcie,Asbury,dasburype@gmpg.org,Female,131.102.252.50
916,Delmar,Woodstock,dwoodstockpf@ustream.tv,Male,203.140.67.125
917,Brina,Checklin,bchecklinpg@dropbox.com,Female,206.202.196.103
918,Piggy,Drance,pdranceph@marriott.com,Male,104.2.152.150
919,Laurence,Uppett,luppettpi@usgs.gov,Male,151.250.98.46
920,Hugh,Cottell,hcottellpj@mayoclinic.com,Non-binary,244.36.247.240
921,Cynde,Dreossi,cdreossipk@soup.io,Female,98.240.76.190
922,Kimberlyn,Armfield,karmfieldpl@dyndns.org,Bigender,186.222.150.120
923,Pierce,Heyworth,pheyworthpm@hp.com,Male,235.68.169.148
924,Vonni,Herity,vheritypn@dell.com,Female,171.72.247.71
925,Chryste,Jarret,cjarretpo@cbc.ca,Female,251.60.76.119
926,Eolanda,Dobby,edobbypp@usda.gov,Female,209.105.118.237
927,Kathe,Davidou,kdavidoupq@answers.com,Female,121.203.142.145
928,Franchot,Simeoli,fsimeolipr@google.com.br,Male,67.162.240.127
929,Shanda,Roisen,sroisenps@prweb.com,Genderqueer,149.3.45.210
930,Alfy,Doddridge,adoddridgept@i2i.jp,Male,79.204.26.67
931,Alvis,Hamprecht,ahamprechtpu@goo.gl,Male,72.75.53.225
932,Penelope,Sterrie,psterriepv@altervista.org,Female,111.139.162.84
933,Gayle,Wem,gwempw@eepurl.com,Male,58.69.110.230
934,Hy,MacAndrew,hmacandrewpx@spotify.com,Male,204.42.13.167
935,Alexandra,Cathee,acatheepy@naver.com,Female,101.43.123.75
936,Gwendolyn,Chasmar,gchasmarpz@cbslocal.com,Non-binary,112.137.48.80
937,Adda,Gommowe,agommoweq0@marketwatch.com,Female,146.198.59.38
938,Alison,Braisher,abraisherq1@goodreads.com,Polygender,29.220.213.237
939,Chickie,Smeeth,csmeethq2@mozilla.com,Male,202.110.252.22
940,Hew,Vain,hvainq3@amazon.co.uk,Male,34.152.79.101
941,Irina,Zorzenoni,izorzenoniq4@chicagotribune.com,Genderfluid,103.48.39.153
942,Morgen,Hudless,mhudlessq5@pbs.org,Male,40.164.202.120
943,Verne,Kleinhausen,vkleinhausenq6@fotki.com,Male,108.210.212.42
944,Raynard,McTrustey,rmctrusteyq7@ovh.net,Polygender,102.12.209.46
945,Ernst,Okey,eokeyq8@ehow.com,Male,59.86.170.225
946,Dido,McTrustam,dmctrustamq9@pinterest.com,Female,131.143.116.57
947,Hobey,Tethacot,htethacotqa@symantec.com,Male,161.110.237.73
948,Joli,Rainbow,jrainbowqb@skype.com,Female,249.43.87.55
949,Alida,Chewter,achewterqc@hud.gov,Female,131.74.224.216
950,Dominique,Kedslie,dkedslieqd@prnewswire.com,Male,255.16.209.145
951,Randal,Praill,rpraillqe@squarespace.com,Male,64.45.6.176
952,Garwood,Keat,gkeatqf@yale.edu,Male,52.106.241.49
953,Chloe,Lewcock,clewcockqg@go.com,Female,237.193.92.115
954,Elsworth,Nan Carrow,enancarrowqh@diigo.com,Male,220.19.107.95
955,Enid,Swede,eswedeqi@opera.com,Female,12.160.98.34
956,Hartwell,Simonsson,hsimonssonqj@goo.gl,Male,5.240.213.213
957,Antonin,Crain,acrainqk@1und1.de,Polygender,3.3.154.69
958,Ranee,Nisbet,rnisbetql@opensource.org,Female,191.219.138.203
959,Forester,Birtley,fbirtleyqm@ox.ac.uk,Male,92.211.57.2
960,Kara-lynn,Hutable,khutableqn@sciencedirect.com,Female,37.23.155.228
961,Enrique,Cormode,ecormodeqo@dailymotion.com,Male,200.248.194.98
962,Stephannie,Hearne,shearneqp@fda.gov,Female,73.229.75.237
963,Kennedy,Bretton,kbrettonqq@examiner.com,Male,204.211.122.15
964,Fanya,Pieterick,fpieterickqr@biblegateway.com,Female,228.218.245.148
965,Rosmunda,Sayward,rsaywardqs@army.mil,Female,88.240.247.48
966,Rip,Danslow,rdanslowqt@stanford.edu,Male,240.21.150.249
967,Neils,D'Arrigo,ndarrigoqu@tripod.com,Male,207.33.34.60
968,Hatti,Osipov,hosipovqv@xing.com,Female,158.13.9.151
969,Harlie,Roundtree,hroundtreeqw@gnu.org,Female,68.77.148.4
970,Margarita,Valde,mvaldeqx@sun.com,Bigender,168.102.18.79
971,Freeman,McMeyler,fmcmeylerqy@howstuffworks.com,Male,159.33.8.240
972,Bryan,Crosskill,bcrosskillqz@com.com,Male,212.75.110.110
973,Gianna,Vickress,gvickressr0@usnews.com,Female,68.194.61.51
974,Aimil,Hollows,ahollowsr1@un.org,Female,151.37.10.77
975,Nils,Darbon,ndarbonr2@sphinn.com,Male,91.80.40.14
976,Gabie,Danbi,gdanbir3@mapy.cz,Male,79.111.81.223
977,Werner,Addams,waddamsr4@si.edu,Male,87.24.71.56
978,Marcia,Izhakov,mizhakovr5@technorati.com,Female,104.15.200.224
979,Angelico,Chorlton,achorltonr6@4shared.com,Male,105.197.110.54
980,Kristi,Sertin,ksertinr7@sourceforge.net,Female,203.13.171.197
981,Emeline,Wardhough,ewardhoughr8@freewebs.com,Female,87.159.50.195
982,Marten,Bancroft,mbancroftr9@simplemachines.org,Male,193.141.224.54
983,Eustace,Rebillard,erebillardra@xrea.com,Male,96.108.132.205
984,Merrill,Norsister,mnorsisterrb@com.com,Male,83.136.38.132
985,Sibelle,Di Carli,sdicarlirc@jugem.jp,Female,76.26.188.254
986,Wallace,Tomblings,wtomblingsrd@japanpost.jp,Male,40.112.56.172
987,Jessie,Pietersma,jpietersmare@mac.com,Male,24.85.107.56
988,Alexina,Milberry,amilberryrf@usatoday.com,Female,83.39.42.119
989,Yetty,Jolliss,yjollissrg@skype.com,Female,78.112.94.55
990,Anna-diana,Arens,aarensrh@sciencedaily.com,Female,175.132.93.154
991,Abbe,Minty,amintyri@unblog.fr,Male,163.223.33.78
992,Herbert,Tucsell,htucsellrj@businessinsider.com,Male,149.70.116.43
993,Ernestine,Sancho,esanchork@marketwatch.com,Female,33.66.188.164
994,Cassandra,Zima,czimarl@auda.org.au,Genderqueer,166.140.70.172
995,Alex,Gonnel,agonnelrm@berkeley.edu,Female,94.5.62.42
996,Aguste,Goodinson,agoodinsonrn@princeton.edu,Male,21.212.120.65
997,Kingsly,Sleeford,ksleefordro@cargocollective.com,Male,245.248.84.64
998,Giuditta,Tuft,gtuftrp@nationalgeographic.com,Female,125.78.68.22
999,Coral,Healey,chealeyrq@vkontakte.ru,Polygender,123.119.77.105
1000,Raul,Klug,rklugrr@acquirethisname.com,Male,185.34.86.212
